<?xml version="1.0" encoding="UTF-8" ?>
<beans xmlns="http://www.springframework.org/schema/beans" xmlns:xsi="http://www.w3.org/2001/XMLSchema-instance"
    xmlns:mvc="http://www.springframework.org/schema/mvc" xmlns:sec="http://www.springframework.org/schema/security"
    xmlns:oauth="http://www.springframework.org/schema/security/oauth2" xmlns:context="http://www.springframework.org/schema/context"
    xmlns:aop="http://www.springframework.org/schema/aop"
    xsi:schemaLocation="http://www.springframework.org/schema/aop http://www.springframework.org/schema/aop/spring-aop-3.1.xsd
        http://www.springframework.org/schema/security/oauth2 http://www.springframework.org/schema/security/spring-security-oauth2-1.0.xsd
        http://www.springframework.org/schema/mvc http://www.springframework.org/schema/mvc/spring-mvc-3.1.xsd
        http://www.springframework.org/schema/security http://www.springframework.org/schema/security/spring-security-3.1.xsd
        http://www.springframework.org/schema/beans http://www.springframework.org/schema/beans/spring-beans-3.1.xsd
        http://www.springframework.org/schema/context http://www.springframework.org/schema/context/spring-context-3.1.xsd">

    <!--apply the oauth client context -->
    <oauth:client id="oauth2ClientFilter" />

    <!--define an oauth 2 resource for sparklr -->
    <oauth:resource id="sparklr" type="authorization_code" client-id="tonr" client-secret="secret"
        access-token-uri="${accessTokenUri}" user-authorization-uri="${userAuthorizationUri}" scope="read,write" />

    <!--define an oauth 2 resource for trusted client on sparklr -->
    <oauth:resource id="trusted" type="client_credentials" client-id="my-client-with-registered-redirect"
        access-token-uri="${accessTokenUri}" scope="trust" />

    <!--define an oauth 2 resource for facebook. according to the facebook docs, the 'client-id' is the App ID, and the 'client-secret'
        is the App Secret -->
    <oauth:resource id="facebook" type="authorization_code" client-id="233668646673605" client-secret="33b17e044ee6a4fa383f46ec6e28ea1d"
        authentication-scheme="query" access-token-uri="https://graph.facebook.com/oauth/access_token" user-authorization-uri="https://www.facebook.com/dialog/oauth"
        token-name="oauth_token" client-authentication-scheme="form" />

    <oauth:rest-template resource="facebook" id="facebookRestTemplate">
        <property name="messageConverters">
            <list>
                <bean class="org.springframework.http.converter.json.MappingJacksonHttpMessageConverter">
                    <property name="supportedMediaTypes">
                        <list>
                            <bean class="org.springframework.http.MediaType">
                                <!--facebook sends its json as text/javascript for some reason -->
                                <constructor-arg value="text" />
                                <constructor-arg value="javascript" />
                            </bean>
                            <bean class="org.springframework.http.MediaType">
                                <constructor-arg value="application" />
                                <constructor-arg value="json" />
                            </bean>
                        </list>
                    </property>
                </bean>
            </list>
        </property>
    </oauth:rest-template>
    <oauth:rest-template resource="sparklr" id="sparklrRestTemplate"/>
    <oauth:rest-template resource="trusted" id="trustedClientRestTemplate"/>
</beans>
