<?xml version="1.0" encoding="UTF-8"?>
<beans:beans xmlns="http://www.springframework.org/schema/security"
	xmlns:beans="http://www.springframework.org/schema/beans" xmlns:oauth="http://www.springframework.org/schema/security/oauth2"
	xmlns:xsi="http://www.w3.org/2001/XMLSchema-instance"
	xsi:schemaLocation="http://www.springframework.org/schema/beans http://www.springframework.org/schema/beans/spring-beans-2.0.xsd
              http://www.springframework.org/schema/security http://www.springframework.org/schema/security/spring-security-3.0.xsd
              http://www.springframework.org/schema/security/oauth2 http://www.springframework.org/schema/security/spring-security-oauth2.xsd">

	<!-- Root Context: defines shared resources visible to all other web components -->
	<http auto-config='true'>
		<intercept-url pattern="/**" access="ROLE_USER" />
	</http>

	<authentication-manager>
		<authentication-provider>
			<user-service>
				<user name="leonard" password="nimoy" authorities="ROLE_USER" />
			</user-service>
		</authentication-provider>
	</authentication-manager>


	<beans:bean id="tokenServices"
		class="org.springframework.security.oauth2.provider.token.InMemoryOAuth2ProviderTokenServices">
		<beans:property name="supportRefreshToken" value="true" />
	</beans:bean>

	<oauth:provider client-details-service-ref="clientDetails"
		token-services-ref="tokenServices">
		<oauth:verification-code user-approval-page="/oauth/confirm_access" />
	</oauth:provider>

	<oauth:client-details-service id="clientDetails">
		<oauth:client clientId="foo" authorizedGrantTypes="authorization_code" />
	</oauth:client-details-service>

</beans:beans>
