<?xml version="1.0" encoding="UTF-8"?>
<!--
  Licensed to the Apache Software Foundation (ASF) under one or more
  contributor license agreements.  See the NOTICE file distributed with
  this work for additional information regarding copyright ownership.
  The ASF licenses this file to You under the Apache License, Version 2.0
  (the "License"); you may not use this file except in compliance with
  the License.  You may obtain a copy of the License at

      http://www.apache.org/licenses/LICENSE-2.0

  Unless required by applicable law or agreed to in writing, software
  distributed under the License is distributed on an "AS IS" BASIS,
  WITHOUT WARRANTIES OR CONDITIONS OF ANY KIND, either express or implied.
  See the License for the specific language governing permissions and
  limitations under the License.
-->
<Server port="8006" shutdown="SHUTDOWN">
    <Listener SSLEngine="on" className="org.apache.catalina.core.AprLifecycleListener"/>
    <Listener className="org.apache.catalina.core.JasperListener"/>
    <Listener className="org.apache.catalina.core.JreMemoryLeakPreventionListener"/>
    <Listener className="org.apache.catalina.mbeans.GlobalResourcesLifecycleListener"/>
    <Listener className="org.apache.catalina.core.ThreadLocalLeakPreventionListener"/>

    <GlobalNamingResources>
       <Resource auth="Container" description="User database that can be updated and saved" factory="org.apache.catalina.users.MemoryUserDatabaseFactory" name="UserDatabase" pathname="conf/tomcat-users.xml" type="org.apache.catalina.UserDatabase"/>
    </GlobalNamingResources>

    <Service name="Catalina">
        <Connector connectionTimeout="20000" port="8080" protocol="HTTP/1.1" redirectPort="8443"/>

        <Connector SSLEnabled="true"
            maxThreads="150"
            port="8443"
            protocol="HTTP/1.1"
            scheme="https"
            secure="true"
            sslProtocol="TLS"
            keystoreFile="${basedir}/samples/x509/src/etc/server.jks"
            keystorePass="changeit"
            truststoreFile="${basedir}/samples/x509/src/etc/server.jks"
            trustStorePass="changeit"
            clientAuth="true"/>

        <Connector port="8010" protocol="AJP/1.3" redirectPort="8443"/>


        <Engine defaultHost="localhost" name="Catalina">
            <Realm className="org.apache.catalina.realm.LockOutRealm">
                <Realm className="org.apache.catalina.realm.UserDatabaseRealm" resourceName="UserDatabase"/>
            </Realm>

            <Host appBase="webapps" autoDeploy="true" name="localhost" unpackWARs="true">
                <Valve className="org.apache.catalina.valves.AccessLogValve" directory="logs" pattern="%h %l %u %t &quot;%r&quot; %s %b" prefix="localhost_access_log." suffix=".txt"/>
            </Host>
        </Engine>
    </Service>
</Server>