<?xml version="1.0" encoding="UTF-8"?>
<beans xmlns="http://www.springframework.org/schema/beans"
        xmlns:xsi="http://www.w3.org/2001/XMLSchema-instance"
		xmlns:mvc="http://www.springframework.org/schema/mvc"
        xmlns:context="http://www.springframework.org/schema/context"
        xsi:schemaLocation="http://www.springframework.org/schema/beans 
        http://www.springframework.org/schema/beans/spring-beans-3.1.xsd 
        http://www.springframework.org/schema/context 
        http://www.springframework.org/schema/context/spring-context-3.1.xsd
		http://www.springframework.org/schema/mvc 
		http://www.springframework.org/schema/mvc/spring-mvc-3.1.xsd">
	
	<!-- ================================================================================== -->
	<!-- Spring Context Configuration		                                                -->
	<!-- ================================================================================== -->
	
	<context:annotation-config />
	<context:component-scan base-package="org.codehustler" />


	<!-- ================================================================================== -->
	<!-- MVC Configuration					                                                -->
	<!-- ================================================================================== -->
	
	<mvc:annotation-driven/>
	<mvc:default-servlet-handler />
	
	<bean id="viewResolver" class="org.springframework.web.servlet.view.InternalResourceViewResolver">
		<property name="prefix" value="/WEB-INF/jsp/" />
		<property name="suffix" value=".jsp" />
	</bean>

	<!-- The Controller will be picked up by the component-scan. I've added it here for clarity. -->
	<bean id="confirmAccessController" class="org.codehustler.controller.ConfirmAccessController" />

</beans>